Problem Family,Problem Variation,Relevant?,Year of creation,"Type of Bound 
(trivial - obvious, full - has been proved and published, 
none - no bound, -- is an extra resource and not a bound )",Restricted Version?,Transition Class,Reduction Type,Run Time Lower Bound,Time Complexity Class,Exact Inapprox. Ratio,Parameter,"""Rounded"" Inapprox Ratio",Approximation Factor Class (Mult),Fixed Parameters,Lower Bound (input-based),Model of Computation,Link,Year,Key / Authors,Paper,"Randomized? (N = No, Y = Yes)","Conditional? (N = No, Y = Yes)",Conditional conjecture,Derived by:,Caveats/Notes
The Set-Covering Problem,Unweighted Set-Covering,1,,trivial,,,,linear,3,$n$,,$n$,9,,,,,,,,N,N,,,
The Set-Covering Problem,Unweighted Set-Covering,1,,,,,,polynomial,7,$(\tfrac{1}{4}-\epsilon)\log_2 n$,any epsilon>0,$0.361\ln n$,6,,,,https://doi.org/10.1145%2F185675.306789,1994,CARSTEN LUND AND MIHALIS YANNAKAKIS ,On the Hardness of Approximating Minimization Problems ,N,Y,NP not in QP or DTIME(2^{poly \log n})$,,
The Set-Covering Problem,Unweighted Set-Covering,1,,,,,,polynomial,7,$(\tfrac{1}{2}-\eps)\log_2 n$,any epsilon>0,$0.721\ln n$,6,,,,https://doi.org/10.1145%2F185675.306789,1994,CARSTEN LUND AND MIHALIS YANNAKAKIS ,On the Hardness of Approximating Minimization Problems ,N,Y,NP not in ZTIME(2^{poly \log n})$ where ZTIME is the class of problems with zero sided error,,
The Set-Covering Problem,Unweighted Set-Covering,1,,,,,,polynomial,7,$(1 - o(1)) \ln n$,,$\ln n$,6,,,,https://dl.acm.org/doi/10.1145/285055.285059,1998,URIEL FEIGE,A Threshold of ln n for Approximating Set Cover,N,Y,NP not solvable in n^(O(\log \log n)}$,,
The Set-Covering Problem,Unweighted Set-Covering,1,,,,,,polynomial,7,$(1 - o(1)) \n n$,,$\ln n$,6,,,,https://link.springer.com/chapter/10.1007/978-3-642-32512-0_24,2012,Dana Moshkovitz ,The Projection Games Conjecture and the NP-Hardness of ln n-Approximating Set-Cover,N,Y,Projection Games Conjecture and P not equal NP,,
The Set-Covering Problem,Unweighted Set-Covering,1,,,,,,polynomial,7,$c \ln n$,fixed c?,?,6,,,,https://dl.acm.org/doi/10.1145/258533.258641,1997,Ran Raz and Shmuel Safra,"A sub-constant error-probability low-degree test, and a sub-constant error-probability PCP characterization of NP",N,Y,P not equal NP,,
The Set-Covering Problem,Unweighted Set-Covering,1,,,,,,polynomial,7,$(1 - \epsilon) \ln n$,any epsilon>0,$\ln n$,6,,,RAM,https://www.dsteurer.org/paper/productgames.pdf,2013,Irit Dinur and David Steurer,Analytical Approach to Parallel Repetition,N,Y,P not equal NP,,
The Set-Covering Problem,Unweighted Set-Covering,1,,,,,,polynomial,7,$c$,any c>0,$1000000$,4,,,RAM,https://cseweb.ucsd.edu/~mihir/papers/epcp.pdf,1993,"Mihir Bellare, Shafi Goldwasser, Carsten Lund, A. Russel",Efficient probabilistically checkable proofs and applications to approximations,N,Y,P not equal NP,,
The Set-Covering Problem,Unweighted Set-Covering,1,,,,,,polynomial,7,$(\tfrac{1}{8}-\epsilon)\log_2 n$,any epsilon>0,$0.180\ln n$,6,,,RAM,https://cseweb.ucsd.edu/~mihir/papers/epcp.pdf,1993,"Mihir Bellare, Shafi Goldwasser, Carsten Lund, A. Russel",Efficient probabilistically checkable proofs and applications to approximations,N,Y,NP not in DTIME(n^(log log n)),,
The Set-Covering Problem,Unweighted Set-Covering,1,,,,,,polynomial,7,$f-1-\epsilon$,any epsilon>0,$f-1$,6,$f$: maximum number of times an element appears in a set,,RAM,https://dl.acm.org/doi/10.1145/780542.780629,2003,"Irit Dinur, Venkatesan Guruswami, Subhash Khot, Oded Regev",A new multilayered PCP and the hardness of hypergraph vertex cover,N,Y,P not equal NP,,"(shown for a problem called ""Ek-Vertex-Cover"" which is similar to set cover)"
The Set-Covering Problem,Unweighted Set-Covering,1,,,,,,polynomial,7,$f-\epsilon$,any epsilon>0,$f$,6,$f$: maximum number of times an element appears in a set,,RAM,https://www.sciencedirect.com/science/article/pii/S0022000007000864,2008,"Subhash Khot, Oded Regev",Vertex cover might be hard to approximate to within 2 − ε,N,Y,"Unique Games Conjecture, P not equal NP",,"(shown for a problem called ""Ek-Vertex-Cover"" which is similar to set cover)"
The Set-Covering Problem,Unweighted Set-Covering,1,,,,,,polynomial,7,$\ln \Delta - O(\ln \ln \Delta)$,,$\ln \Delta - O(\ln \ln \Delta)$,6,$\Delta$: maximum size of a set,,RAM,https://dl.acm.org/doi/10.1145/380752.380839,2001,Luca Trevisan,Non-approximability results for optimization problems on bounded degree instances,N,Y,P not equal NP,,
The Traveling-Salesman Problem,Approximate Metric TSP,1,,,,,gap reduction,polynomial,7,PTAS,,,2,,,RAM,https://madhu.seas.harvard.edu/papers/1992/almss-conf.pdf,1992,"Sanjeev Arora, Carsten Lund, Rajeev Motwani, Madhu Sudan, Mario Szegedy",Proof Verification and Hardness of Approximation Problems,N,Y,P not equal NP,,
The Traveling-Salesman Problem,Approximate Asymmetric TSP,0,,,,,gap reduction,polynomial,7,$\frac{117}{116}-\epsilon$,any epsilon>0,$1.008621$,2.008,,,RAM,https://link.springer.com/article/10.1007/s00493-006-0008-z,2006,Christos H. Papadimitriou & Santosh Vempala,On The Approximability Of The Traveling Salesman Problem,N,Y,P not equal NP,,
The Traveling-Salesman Problem,Approximate Symmetric TSP,1,,,,,gap reduction,polynomial,7,$\tfrac{220}{219}-\epsilon$,any epsilon>0,$1.004566$,2.004,,,RAM,https://link.springer.com/article/10.1007/s00493-006-0008-z,2006,Christos H. Papadimitriou & Santosh Vempala,On The Approximability Of The Traveling Salesman Problem,N,Y,P not equal NP,,
The Traveling-Salesman Problem,Approximate Asymmetric TSP,0,,,,,gap reduction,polynomial,7,$\frac{75}{74}-\epsilon$,any epsilon>0,$1.013514$,2.013,,,RAM,https://www.sciencedirect.com/science/article/pii/S0022000015000641,2015,"Marek Karpinski, Michael Lampis, Richard Schmied",New Inapproximability Bounds for TSP,N,Y,P not equal NP,,
The Traveling-Salesman Problem,Approximate Symmetric TSP,1,,,,,gap reduction,polynomial,7,$\tfrac{123}{122}-\epsilon$,any epsilon>0,$1.008197$,2.008,,,RAM,https://www.sciencedirect.com/science/article/pii/S0022000015000641,2015,"Marek Karpinski, Michael Lampis, Richard Schmied",New Inapproximability Bounds for TSP,N,Y,P not equal NP,,
The Traveling-Salesman Problem,Approximate Metric TSP,0,,,,,gap reduction,polynomial,7,$\tfrac{923}{918}-\epsilon$,any epsilon>0,$1.005447$,2.005,,,RAM,https://arxiv.org/pdf/1206.2497,2012,Michael Lampis,Improved Inapproximability for TSP,N,Y,P not equal NP,,
The Traveling-Salesman Problem,"Approximate (1,2) Metric TSP",0,,,,,gap reduction,polynomial,7,$\tfrac{5381}{5380}-\epsilon$,any epsilon>0,$1.000186$,2.0001,,,RAM,https://link.springer.com/chapter/10.1007/3-540-49116-3_35,2002,Lars Engebretsen ,An Explicit Lower Bound for TSP with Distances One and Two,N,Y,P not equal NP,,
The Traveling-Salesman Problem,Approximate Metric TSP,1,,,,,gap reduction,polynomial,7,$\tfrac{3813}{3812}-\epsilon$,any epsilon>0,$1.000262$,2.0002,,,RAM,https://link.springer.com/chapter/10.1007/3-540-46541-3_32,2000,"Hans-Joachim B¨ockenhauer, Juraj Hromkoviˇc, Ralf Klasing, Sebastian Seibert,
and Walter Unger",,N,Y,P not equal NP,,
Boolean CNF-Satisfiability,Max-SAT,1,,trivial,,,,linear,3,$n$,,$n$,9,,,,,,,,N,N,,,
Boolean CNF-Satisfiability,Max-SAT,1,,,,,,polynomial,7,PTAS,,,2,,,RAM,https://madhu.seas.harvard.edu/papers/1992/almss-conf.pdf,1992,"Sanjeev Arora, Carsten Lund, Rajeev Motwani, Madhu Sudan, Mario Szegedy",Proof Verification and Hardness of Approximation Problems,N,Y,P not equal NP,,
Boolean 3-Satisfiability,Max-3SAT,1,,trivial,,,,linear,3,$n$,,$n$,9,,,,,,,,N,N,,,
Boolean 3-Satisfiability,Max-3SAT,1,,,,,gap reduction,polynomial,7,$\frac{80}{77}-\epsilon$,any epsilon>0,$1.038961$,2.038,,,RAM,https://www.cs.umd.edu/~gasarch/TOPICS/pcp/bgsfreebits.pdf,1995,"MIHIR BELLARE , ODED GOLDREICH , AND MADHU SUDAN","FREE BITS, PCPS AND NON-APPROXIMABILITY – TOWARDS
TIGHT RESULTS",N,Y,P not equal NP,,
Boolean 3-Satisfiability,Max-3SAT,1,,,,,,polynomial,7,$\frac{113}{112}-\epsilon$,any epsilon>0,$1.008929$,2.008,,,RAM,https://cseweb.ucsd.edu/~mihir/papers/epcp.pdf,1993,"Mihir Bellare, Shafi Goldwasser, Carsten Lund, A. Russel",Efficient probabilistically checkable proofs and applications to approximations,N,Y,NP not a subset of BPP,,
Boolean 3-Satisfiability,Max-3SAT,1,,,,,,polynomial,7,$\frac{94}{93}-\epsilon$,any epsilon>0,$1.010753$,2.01,,,RAM,https://cseweb.ucsd.edu/~mihir/papers/epcp.pdf,1993,"Mihir Bellare, Shafi Goldwasser, Carsten Lund, A. Russel",Efficient probabilistically checkable proofs and applications to approximations,N,Y,EXP not a subset of NEXP,,
Boolean 3-Satisfiability,Max-3SAT,1,,,,,,polynomial,7,$\frac{94}{93}-\epsilon$,any epsilon>0,$1.010753$,2.01,,,RAM,https://dl.acm.org/doi/10.1145/195058.195128,1994,"Uri Feige, Joe Kilian",Two prover protocols: low error at affordable rates,N,Y,P not equal NP,,
Boolean 3-Satisfiability,Max-3SAT,1,,,,,,polynomial,7,$\frac{66}{65}-\epsilon$,any epsilon>0,$1.015385$,2.015,,,RAM,https://dl.acm.org/doi/10.1145/195058.195129,1994,"Mihir Bellare, Madhu Sudan",Improved Non-Approximability Results,N,Y,$\tilde{P}\neq N\tilde{P}$,,
Boolean 3-Satisfiability,Max-3SAT,1,,,,,,polynomial,7,$\frac{74}{73}-\epsilon$,any epsilon>0,$1.013699$,2.013,,,RAM,https://dl.acm.org/doi/pdf/10.1145/195058.195129,1994,"Mihir Bellare, Madhu Sudan",Improved Non-Approximability Results,N,Y,P not equal NP,,
Boolean 3-Satisfiability,Max-3SAT,1,,,,,,polynomial,7,$\frac{8}{7}-\epsilon$,any epsilon>0,$1.142857$,2.143,,,RAM,https://dl.acm.org/doi/pdf/10.1145/502090.502098,1997,JOHAN HASTAD,Some Optimal Inapproximability Results,N,Y,P not equal NP,,
Boolean 3-Satisfiability,Max-3SAT,1,,,,,,polynomial,7,$\frac{1}{\frac{7}{8}+(\log B)^{-c}}$,some $c>0$,$1.142857$,2.143,$B$: number of occurrences of each variable,,RAM,https://citeseerx.ist.psu.edu/document?repid=rep1&type=pdf&doi=8785c6478b485332320df4b179c96556462102f8,2000,JOHAN HASTAD,On bounded occurrence constraint satisfaction,N,Y,P not equal NP,,
Boolean 3-Satisfiability,Max-3SAT,1,,,,,,polynomial,7,$\frac{1}{\frac{7}{8}+O(1/\sqrt{B})}$,some $c>0$,$1.142857$,2.143,$B$: number of occurrences of each variable,,RAM,https://dl.acm.org/doi/10.1145/380752.380839,2001,Luca Trevisan,Non-approximability results for optimization problems on bounded degree instances,Y,Y,RP not equal NP,,
Boolean 2-Satisfiability,Max-2SAT,1,,trivial,,,,linear,3,$n$,,$n$,9,,,,,,,,N,N,,,
Boolean 2-Satisfiability,Max-2SAT,1,,,,,L,polynomial,7,PTAS,,,2,,,RAM,https://core.ac.uk/download/pdf/82227098.pdf,1991,Christos H. Papadimitriou & Mihalis Yannakakis,"Optimization, Approximation, and Complexity Classes",N,Y,no problem in MaxSNP has a PTAS,,
Boolean 2-Satisfiability,Max-2SAT,1,,,,,,polynomial,7,$1.013$,,$1.013$,2.013,,,RAM,https://www.cs.umd.edu/~gasarch/TOPICS/pcp/bgsfreebits.pdf,1995,"MIHIR BELLARE , ODED GOLDREICH , AND MADHU SUDAN","FREE BITS, PCPS AND NON-APPROXIMABILITY – TOWARDS
TIGHT RESULTS",N,Y,P not equal NP,,
Boolean 2-Satisfiability,Max-2SAT,0,,,,,strict,polynomial,7,$\frac{4}{3}-\epsilon$,any epsilon>0,$1.333333$,2.333,,,LP,https://dl.acm.org/doi/pdf/10.1145/2746539.2746550,2015,"Gábor Braun, Sebastian Pokutta, Daniel Zink","Inapproximability of Combinatorial Problems
via Small LPs and SDPs",N,?,?,,
Boolean 2-Satisfiability,Max-2SAT,1,,,,,L,polynomial,7,PTAS,,,2,,,RAM,https://core.ac.uk/download/pdf/82227098.pdf,1991,Christos H. Papadimitriou & Mihalis Yannakakis,"Optimization, Approximation, and Complexity Classes",N,Y,no problem in MaxSNP has a PTAS,,
Boolean 2-Satisfiability,Max-2SAT,1,,,,,,polynomial,7,$\frac{22}{21}-\epsilon$,any epsilon>0,$1.047619$,2.047,,,RAM,https://dl.acm.org/doi/pdf/10.1145/502090.502098,2001,JOHAN HASTAD,Some Optimal Inapproximability Results,N,Y,P not equal NP,,
Boolean 2-Satisfiability,Max-2SAT,1,,,,,,polynomial,7,$\approx\frac{1}{0.943943}-\epsilon$,any epsilon>0,$1.059386$,2.059,,,RAM,https://epubs.siam.org/doi/epdf/10.1137/S0097539705447372,2007,"SUBHASH KHOT , GUY KINDLER , ELCHANAN MOSSEL, AND RYAN O’DONNELL","OPTIMAL INAPPROXIMABILITY RESULTS FOR MAX-CUT
AND OTHER 2-VARIABLE CSPs",N,Y,"Unique Games Conjecture, P not equal NP",,"(Also originally required a ""Majority is Stablest"" conjecture which was later proven true)"
Boolean 2-Satisfiability,Max-2SAT,1,,,,,,polynomial,7,$\approx\frac{1}{0.94016567}-\epsilon$,any epsilon>0,$1.063642$,2.064,,,RAM,https://dl.acm.org/doi/10.1145/1250790.1250818,2007,Per Austrin,Balanced max 2-sat might not be the hardest,N,Y,"Unique Games Conjecture, P not equal NP",,Also has a follow-up in https://arxiv.org/abs/2310.12911
Maximum Cut,"Maximum Cut, Approximate",1,,trivial,,,,linear,3,$n$,,$n$,9,,,,,,,,N,N,,,
Maximum Cut,"Maximum Cut, Approximate",1,,,,,,polynomial,7,PTAS,,,2,,,RAM,https://madhu.seas.harvard.edu/papers/1992/almss-conf.pdf,1992,"Sanjeev Arora, Carsten Lund, Rajeev Motwani, Madhu Sudan, Mario Szegedy",Proof Verification and Hardness of Approximation Problems,N,Y,P not equal NP,,
Maximum Cut,"Maximum Cut, Approximate",1,,,,,,polynomial,7,$1.014$,,$1.014$,2.014,,,RAM,https://www.cs.umd.edu/~gasarch/TOPICS/pcp/bgsfreebits.pdf,1995,"MIHIR BELLARE , ODED GOLDREICH , AND MADHU SUDAN","FREE BITS, PCPS AND NON-APPROXIMABILITY – TOWARDS
TIGHT RESULTS",N,Y,P not equal NP,,
Maximum Cut,"Maximum Cut, Approximate",1,,,,,,polynomial,7,$\frac{17}{16}-\epsilon$,any epsilon>0,$1.0625$,2.062,,,RAM,https://dl.acm.org/doi/pdf/10.1145/502090.502098,2001,JOHAN HASTAD,Some Optimal Inapproximability Results,N,Y,P not equal NP,,
Maximum Cut,"Maximum Directed Cut, Approximate",0,,,,,,polynomial,7,$\frac{12}{11}-\epsilon$,any epsilon>0,$1.090909$,2.09,,,RAM,https://dl.acm.org/doi/pdf/10.1145/502090.502098,2001,JOHAN HASTAD,Some Optimal Inapproximability Results,N,Y,P not equal NP,,
Maximum Cut,"Maximum Cut, Approximate",1,,,,,gap reduction,polynomial,7,$\approx\frac{1}{0.878567}-\epsilon$,any epsilon>0,$1.138217$,2.138,,,RAM,https://epubs.siam.org/doi/epdf/10.1137/S0097539705447372,2007,"SUBHASH KHOT , GUY KINDLER , ELCHANAN MOSSEL, AND RYAN O’DONNELL","OPTIMAL INAPPROXIMABILITY RESULTS FOR MAX-CUT
AND OTHER 2-VARIABLE CSPs",N,Y,"Unique Games Conjecture, P not equal NP",,"(Also originally required a ""Majority is Stablest"" conjecture which was later proven true)"
Maximum Cut,"Maximum Directed Cut, Approximate",0,,,,,,polynomial,7,$\approx\frac{1}{0.87461}-\epsilon$,any epsilon>0,$1.143366$,2.143,,,RAM,https://arxiv.org/abs/2212.11191,2022,"Joshua Brakensiek, Neng Huang, Aaron Potechin, Uri Zwick","Separating MAX 2-AND, MAX DI-CUT and MAX CUT",N,Y,"Unique Games Conjecture, P not equal NP",,
Clique Problems,Max-Size Clique (Approximate),1,,trivial,,,,constant,1,$n$,,$n$,9,,,,,,,,N,N,,,
Clique Problems,Max-Size Clique (Approximate),1,,,,,,polynomial,7,$c$,any c>0,$1000000$,4,,,RAM,https://dl.acm.org/doi/pdf/10.1145/226643.226652,1996,"Uriel Feige, Shafi Goldwasser, LÁszlÓ Lovász, Shmuel Safra, Márió Szegedy","Interactive Proofs and the Hardness of Approximating
Cliques",N,Y,NP not a subset of DTIME(n^(O(log log n))),,
Clique Problems,Max-Size Clique (Approximate),1,,,,,,polynomial,7,$2^{\log^{1-\epsilon} N}$,any epsilon>0,$N^{.0000001}$,7.0002,,,RAM,https://dl.acm.org/doi/pdf/10.1145/226643.226652,1996,"Uriel Feige, Shafi Goldwasser, LÁszlÓ Lovász, Shmuel Safra, Márió Szegedy","Interactive Proofs and the Hardness of Approximating
Cliques",N,Y,NP not a subset of DTIME(2^((log n)^(O(1)))),,
Clique Problems,Max-Size Clique (Approximate),1,,,,,,polynomial,7,$2^{\log^{0.5-\epsilon} N}$,any epsilon>0,$2^{\log^{0.5}(N)}$,7.0001,,,RAM,https://dl.acm.org/doi/pdf/10.1145/273865.273901,1992,"Sanjeev Arora, Shmuel Safra","Probabilistic Checking of Proofs: A New
Characterization of NP",N,Y,P not equal NP,,
Clique Problems,Max-Size Clique (Approximate),1,,,,,,polynomial,7,$N^{c}$,fixed c>0,$N^{.0001}$,7.001,,,RAM,https://madhu.seas.harvard.edu/papers/1992/almss-conf.pdf,1992,"Sanjeev Arora, Carsten Lund, Rajeev Motwani, Madhu Sudan, Mario Szegedy",Proof Verification and Hardness of Approximation Problems,N,Y,P not equal NP,,
Clique Problems,Max-Size Clique (Approximate),1,,,,,,polynomial,7,$N^{1/30-\epsilon}$,any epsilon>0,$N^{1/30}$,7.066,,,RAM,https://cseweb.ucsd.edu/~mihir/papers/epcp.pdf,1993,"Mihir Bellare, Shafi Goldwasser, Carsten Lund, A. Russel",Efficient probabilistically checkable proofs and applications to approximations,N,Y,NP not a subset of BPP,,
Clique Problems,Max-Size Clique (Approximate),1,,,,,,polynomial,7,$N^{1/25-\epsilon}$,any epsilon>0,$N^{1/25}$,7.08,,,RAM,https://cseweb.ucsd.edu/~mihir/papers/epcp.pdf,1993,"Mihir Bellare, Shafi Goldwasser, Carsten Lund, A. Russel",Efficient probabilistically checkable proofs and applications to approximations,N,Y,NEXP not a subset of BPEXP,,
Clique Problems,Max-Size Clique (Approximate),1,,,,,,polynomial,7,$N^{1/15-\epsilon}$,any epsilon>0,$N^{1/15}$,7.133,,,RAM,https://dl.acm.org/doi/10.1145/195058.195128,1994,"Uri Feige, Joe Kilian",Two prover protocols: low error at affordable rates,Y,Y,NP not a subset of coRP,,
Clique Problems,Max-Size Clique (Approximate),1,,,,,,polynomial,7,$N^{1/4-\epsilon}$,any epsilon>0,$N^{1/4}$,7.5,,,RAM,https://dl.acm.org/doi/10.1145/195058.195129,1994,"Mihir Bellare, Madhu Sudan",Improved Non-Approximability Results,N,Y,$coR\tilde{P}\neq N\tilde{P}$,,
Clique Problems,Max-Size Clique (Approximate),1,,,,,,polynomial,7,$N^{1/5-\epsilon}$,any epsilon>0,$N^{1/5}$,7.4,,,RAM,https://dl.acm.org/doi/10.1145/195058.195129,1994,"Mihir Bellare, Madhu Sudan",Improved Non-Approximability Results,N,Y,coRP not equal NP,,
Clique Problems,Max-Size Clique (Approximate),1,,,,,,polynomial,7,$N^{1/6-\epsilon}$,any epsilon>0,$N^{1/6}$,7.333,,,RAM,https://dl.acm.org/doi/10.1145/195058.195129,1994,"Mihir Bellare, Madhu Sudan",Improved Non-Approximability Results,N,Y,P not equal NP,,
Clique Problems,Max-Size Clique (Approximate),1,,,,,,polynomial,7,$N^{1/4-\epsilon}$,any epsilon>0,$N^{1/4}$,7.5,,,RAM,https://www.cs.umd.edu/~gasarch/TOPICS/pcp/bgsfreebits.pdf,1995,"MIHIR BELLARE , ODED GOLDREICH , AND MADHU SUDAN","FREE BITS, PCPS AND NON-APPROXIMABILITY – TOWARDS
TIGHT RESULTS",N,Y,P not equal NP,,
Clique Problems,Max-Size Clique (Approximate),1,,,,,,polynomial,7,$N^{1/3}-\epsilon$,any epsilon>0,$N^{1/3}$,7.666,,,RAM,https://www.cs.umd.edu/~gasarch/TOPICS/pcp/bgsfreebits.pdf,1995,"MIHIR BELLARE , ODED GOLDREICH , AND MADHU SUDAN","FREE BITS, PCPS AND NON-APPROXIMABILITY – TOWARDS
TIGHT RESULTS",N,Y,coRP not equal NP,,
Clique Problems,Max-Size Clique (Approximate),1,,,,,,polynomial,7,$N^{1/3}-\epsilon$,any epsilon>0,$N^{1/3}$,7.666,,,RAM,https://dl.acm.org/doi/10.1145/237814.237820,1996,Johan Håstad,Testing of the long code and hardness for clique,N,Y,P not equal NP,,
Clique Problems,Max-Size Clique (Approximate),1,,,,,,polynomial,7,$N^{1/2}-\epsilon$,any epsilon>0,$N^{1/2}$,8,,,RAM,https://dl.acm.org/doi/10.1145/237814.237820,1996,Johan Håstad,Testing of the long code and hardness for clique,Y,Y,coRP not equal NP,,
Clique Problems,Max-Size Clique (Approximate),1,,,,,,polynomial,7,$N^{1-\epsilon}$,any epsilon>0,$N$,8.96,,,RAM,https://ieeexplore.ieee.org/stamp/stamp.jsp?tp=&arnumber=548522,1996,Johan Hastad,Clique is hard to approximate within n^{1-\epsilon},N,Y,NP not equal coR,,
Clique Problems,Max-Size Clique (Approximate),1,,,,,,polynomial,7,$N^{1/2}-\epsilon$,any epsilon>0,$N^{1/2}$,8,,,RAM,https://citeseerx.ist.psu.edu/document?repid=rep1&type=pdf&doi=ddb3319495f3c58c41e445f11187a57c3e388462,2002,Johan Hastad,Clique is Hard to Approximate within n^{1-\epsilon},N,Y,P not equal NP,,
Clique Problems,Max-Size Clique (Approximate),1,,,,,,polynomial,7,$N^{1-\epsilon}$,any epsilon>0,$N$,8.96,,,RAM,https://citeseerx.ist.psu.edu/document?repid=rep1&type=pdf&doi=ddb3319495f3c58c41e445f11187a57c3e388462,2002,Johan Hastad,Clique is Hard to Approximate within n^{1-\epsilon},N,Y,NP not equal ZPP,,
Clique Problems,Max-Size Clique (Approximate),1,,,,,,polynomial,7,$N^{1-O(1/\sqrt{\log\log n})}$,,$N$,8.96,,,RAM,https://link.springer.com/chapter/10.1007/3-540-45022-x_2,2002,Lars Engebretsen and Jonas Holmerin,Clique Is Hard to Approximate within n^{1−o(1)},N,Y,NP not a subset of ZPTIME(2^(O(log n(log log n)^3/2)),,
Clique Problems,Max-Size Clique (Approximate),1,,,,,,polynomial,7,$N^{1-1/(\log n)^{c}},fixed c>0,$N$,8.96,,,RAM,https://ieeexplore.ieee.org/stamp/stamp.jsp?tp=&arnumber=959936,2001,Subhash Khot,"Improved Inapproximability Results for MaxClique, Chromatic Number and
Approximate Graph Coloring",N,Y,NP not a subset of ZPTIME(2^((log n)^(O(1)))),,
Clique Problems,Max-Size Clique (Approximate),1,,,,,,polynomial,7,$\frac{N}{2^{(\log n)^{3/4+c}}}$,fixed c>0,$N$,8.96,,,RAM,https://link.springer.com/chapter/10.1007/11786986_21,2006,Subhash Khot and Ashok Kumar Ponnuswami,"Better Inapproximability Results for MaxClique,
Chromatic Number and Min-3Lin-Deletion",N,Y,NP not a subset of BPTIME(2^((log n)^(O(1)))),,
Clique Problems,Max-Size Clique (Approximate),1,,,,,,polynomial,7,$N^{1-\epsilon}$,any epsilon>0,$N$,8.96,,,RAM,https://theoryofcomputing.org/articles/v003a006/,2007,David Zuckerman,Linear Degree Extractors and the Inapproximability of Max Clique and Chromatic Number,N,Y,P not equal NP,,
Clique Problems,Max-Size Clique (Approximate),1,,,,,,,7,$\frac{N}{2^{(\log n)^{1-c}}}$,fixed c>0,$N$,8.96,,,RAM,https://theoryofcomputing.org/articles/v003a006/,2007,David Zuckerman,Linear Degree Extractors and the Inapproximability of Max Clique and Chromatic Number,N,Y,NP not in $DTIME(2^{poly \log n})$ (or $\tilde{P}\neq N\tilde{P}$),,
Graph Coloring,Chromatic Number Approximation,1,,trivial,,,,linear,3,$n$,,$n$,9,,,,,,,,N,N,,,
Graph Coloring,Chromatic Number Approximation,1,,,,,reducing to the same problem,polynomial,7,$2-\epsilon$,any epsilon>0,$2$,3,,,RAM,https://dl.acm.org/doi/10.1145/321921.321926,1976,Michael Randolph Garey and D. S. Johnson,The Complexity of Near-Optimal Graph Coloring,N,Y,P not equal NP,,
Graph Coloring,Chromatic Number Approximation,1,,,,,,polynomial,7,$N^{1/146}$,,$N^{1/121}$,7.016,,,RAM,https://cseweb.ucsd.edu/~mihir/papers/epcp.pdf,1993,"Mihir Bellare, Shafi Goldwasser, Carsten Lund, A. Russel",Efficient probabilistically checkable proofs and applications to approximations,N,Y,NP not a subset of BPP,,
Graph Coloring,Chromatic Number Approximation,1,,,,,,polynomial,7,$N^{1/121}$,,$N^{1/121}$,7.016,,,RAM,https://cseweb.ucsd.edu/~mihir/papers/epcp.pdf,1993,"Mihir Bellare, Shafi Goldwasser, Carsten Lund, A. Russel",Efficient probabilistically checkable proofs and applications to approximations,N,Y,NEXP not a subset of BPEXP,,
Graph Coloring,Chromatic Number Approximation,1,,,,,gap reduction,polynomial,7,$N^c$,fixed c>0,$N^{.0001}$,7.001,,,RAM,https://dl.acm.org/doi/pdf/10.1145/185675.306789,1994,Carsten Lund and Mihalis Yannakakis ,On the Hardness of Approximating Minimization Problems,N,Y,P not equal NP,,
Graph Coloring,Chromatic Number Approximation,1,,,,,,polynomial,7,$N^{1/71-\epsilon}$,any epsilon>0,$N^{1/71}$,7.028,,,RAM,https://dl.acm.org/doi/10.1145/195058.195128,1994,"Uri Feige, Joe Kilian",Two prover protocols: low error at affordable rates,Y,Y,NP not a subset of coRP,,
Graph Coloring,Chromatic Number Approximation,1,,,,,gap reduction?,polynomial,7,$N^{1/10-\epsilon}$,any epsilon>0,$N^{1/10}$,7.2,,,RAM,https://dl.acm.org/doi/pdf/10.1145/195058.195129,1994,"Mihir Bellare, Madhu Sudan",Improved Non-Approximability Results,N,Y,$coR\tilde{P}\neq N\tilde{P}$,,
Graph Coloring,Chromatic Number Approximation,1,,,,,,polynomial,7,$N^{1/13-\epsilon}$,any epsilon>0,$N^{1/13}$,7.153,,,RAM,https://dl.acm.org/doi/10.1145/195058.195129,1994,"Mihir Bellare, Madhu Sudan",Improved Non-Approximability Results,N,Y,coRP not equal NP,,
Graph Coloring,Chromatic Number Approximation,1,,,,,,polynomial,7,$N^{1/14-\epsilon}$,any epsilon>0,$N^{1/14}$,7.142,,,RAM,https://dl.acm.org/doi/10.1145/195058.195129,1994,"Mihir Bellare, Madhu Sudan",Improved Non-Approximability Results,N,Y,P not equal NP,,
Graph Coloring,Chromatic Number Approximation,1,,,,,,polynomial,7,$N^{1/7-\epsilon}$,any epsilon>0,$N^{1/7}$,7.285,,,RAM,https://www.cs.umd.edu/~gasarch/TOPICS/pcp/bgsfreebits.pdf,1995,"MIHIR BELLARE , ODED GOLDREICH , AND MADHU SUDAN","FREE BITS, PCPS AND NON-APPROXIMABILITY – TOWARDS
TIGHT RESULTS",N,Y,P not equal NP,,
Graph Coloring,Chromatic Number Approximation,1,,,,,,polynomial,7,$N^{1/5-\epsilon}$,any epsilon>0,$N^{1/5}$,7.4,,,RAM,https://www.cs.umd.edu/~gasarch/TOPICS/pcp/bgsfreebits.pdf,1995,"MIHIR BELLARE , ODED GOLDREICH , AND MADHU SUDAN","FREE BITS, PCPS AND NON-APPROXIMABILITY – TOWARDS
TIGHT RESULTS",N,Y,coRP not equal NP,,
Graph Coloring,Chromatic Number Approximation,1,,,,,,polynomial,7,$N^{1/5-\epsilon}$,any epsilon>0,$N^{1/5}$,7.4,,,RAM,https://ieeexplore.ieee.org/document/492572,1995,Martin Furer,Improved hardness results for approximating the chromatic number,Y,Y,NP not equal ZPP,,
Graph Coloring,Chromatic Number Approximation,1,,,,,,polynomial,7,$N^{1-\epsilon}$,any epsilon>0,$N$,8.96,,,RAM,https://www.sciencedirect.com/science/article/pii/S0022000098915872,1998,"Uri Feige, Joe Kilian",Zero Knowledge and the Chromatic Number,Y,Y,NP not equal ZPP,,
Graph Coloring,Chromatic Number Approximation,1,,,,,,,7,$\frac{N}{2^{(\log n)^{1-c}}}$,fixed c>0,$N$,8.96,,,RAM,https://ieeexplore.ieee.org/stamp/stamp.jsp?tp=&arnumber=959936,2002,Subhash Khot,"Improved Inapproximability Results for MaxClique, Chromatic Number and
Approximate Graph Coloring",N,Y,NP not a subset of ZPTIME(2^((log n)^(O(1)))),,
Graph Coloring,Chromatic Number Approximation,1,,,,,,polynomial,7,$N^{1-\epsilon}$,any epsilon>0,$N$,8.96,,,RAM,https://theoryofcomputing.org/articles/v003a006/,2007,David Zuckerman,Linear Degree Extractors and the Inapproximability of Max Clique and Chromatic Number,N,Y,P not equal NP,,
Graph Coloring,Chromatic Number Approximation,1,,,,,,,7,$\frac{N}{2^{(\log n)^{1-c}}}$,fixed c>0,$N$,8.96,,,RAM,https://theoryofcomputing.org/articles/v003a006/,2007,David Zuckerman,Linear Degree Extractors and the Inapproximability of Max Clique and Chromatic Number,N,Y,NP not in $DTIME(2^{poly \log n})$ (or $\tilde{P}\neq N\tilde{P}$),,
Graph Coloring,Chromatic Number Approximation,1,,,,,,polynomial,7,$\frac{N}{2^{(\log n)^{3/4+\epsilon}}}$,any epsilon>0,$N^{1-(\log N)^{-1/4}}$,8.96,,,RAM,https://link.springer.com/chapter/10.1007/11786986_21,2006,Subhash Khot and Ashok Kumar Ponnuswami,"Better Inapproximability Results for MaxClique,
Chromatic Number and Min-3Lin-Deletion",N,Y,NP not a subset of ZPTIME(2^((log n)^(O(1)))),,
The Vertex Cover Problem,"The Vertex Cover Problem, General (Approximate)",1,,trivial,,,,linear,3,$n$,,$n$,9,,,,,,,,N,N,,,
The Vertex Cover Problem,"The Vertex Cover Problem, General (Approximate)",1,,,,,,polynomial,7,PTAS,,,2,,,RAM,https://madhu.seas.harvard.edu/papers/1992/almss-conf.pdf,1992,"Sanjeev Arora, Carsten Lund, Rajeev Motwani, Madhu Sudan, Mario Szegedy",Proof Verification and Hardness of Approximation Problems,N,Y,P not equal NP,,
The Vertex Cover Problem,"The Vertex Cover Problem, General (Approximate)",1,,,,,,polynomial,7,$1.0688$,,$1.0688$,2.068,,,RAM,https://www.cs.umd.edu/~gasarch/TOPICS/pcp/bgsfreebits.pdf,1995,"MIHIR BELLARE , ODED GOLDREICH , AND MADHU SUDAN","FREE BITS, PCPS AND NON-APPROXIMABILITY – TOWARDS
TIGHT RESULTS",N,Y,P not equal NP,,
The Vertex Cover Problem,"The Vertex Cover Problem, General (Approximate)",1,,,,,,polynomial,7,$\frac{7}{6}$,,$\frac{7}{6}$,2.166,,,RAM,https://www.cs.umd.edu/~gasarch/BLOGPAPERS/max3satl.pdf,2001,Johan Hastad,Some Optimal Inapproximability Results,N,Y,P not equal NP,,
The Vertex Cover Problem,"The Vertex Cover Problem, General (Approximate)",1,,,,,,polynomial,7,$10\sqrt5 - 21$,,$1.361$,2.361,,,RAM,https://www.wisdom.weizmann.ac.il/~dinuri/mypapers/vc.pdf,2005,Irit Dinur and Samuel Safra,On the hardness of approximating minimum vertex cover,N,Y,P not equal NP,,
The Vertex Cover Problem,"The Vertex Cover Problem, General (Approximate)",1,,,,,,polynomial,7,$\sqrt2-\epsilon$,any epsilon>0,$1.414214$,2.414,,,RAM,https://dl.acm.org/doi/pdf/10.1145/3055399.3055432,2017,"Subhash Khot, Dor Minzer, Muli Safra","On Independent Sets, 2-to-2 Games, and Grassmann Graphs",N,Y,P not equal NP,,
The Vertex Cover Problem,"The Vertex Cover Problem, General (Approximate)",1,,,,,,polynomial,7,$\tfrac{3}{2}$,,$\frac{3}{2}$,2.5,,,LP,https://dl.acm.org/doi/abs/10.1145/2746539.2746550,2015,"Gábor Braun, Sebastian Pokutta, Daniel Zink",Inapproximability of Combinatorial Problems via Small LPs and SDPs,N,Y,?,,
The Vertex Cover Problem,"The Vertex Cover Problem, General (Approximate)",1,,,,,,polynomial,7,$2-\epsilon$,any epsilon>0,$2$,2.99,,,RAM,https://www.sciencedirect.com/science/article/pii/S0022000007000864,2007,"Subhash Khot, Oded Regev",Vertex cover might be hard to approximate to within $2-\epsilon$,N,Y,"Unique Games Conjecture, P not equal NP",,
The Vertex Cover Problem,"The Vertex Cover Problem, Sparse (Approximate)",1,,,,,gap reduction,polynomial,7,$2 - (2+o(1))\frac{\log\log d}{\log d}$,d - maximum degree,$2$,2.99,,,RAM,https://ieeexplore.ieee.org/abstract/document/5231231,2009,"Per Austrin, Subhash Khot, Muli Safra",Inapproximability of Vertex Cover and Independent Set in Bounded Degree Graphs,Y,Y,"Unique Games Conjecture, P not equal NP",,
Independent Set,Independent Set (Approximate),1,,trivial,,,,linear,3,$n$,,$n$,9,,,,,,,,N,N,,,
Independent Set,Independent Set (Approximate),1,,,,,,polynomial,7,$\frac{d}{2^{O(\sqrt{\log d})}}$,d - maximum degree,$\frac{d}{2^{O(\sqrt{\log d})}}$,8.96,,,RAM,https://dl.acm.org/doi/10.1145/380752.380839,2001,Luca Trevisan,Non-approximability results for optimization problems on bounded degree instances,N,Y,P not equal NP,,
Independent Set,Independent Set (Approximate),1,,,,,gap reduction,polynomial,7,$O\left(\frac{d}{\log^2 d}\right)$,d - maximum degree,$O\left(\frac{d}{\log^2 d}\right)$,8.98,,,RAM,https://ieeexplore.ieee.org/abstract/document/5231231,2009,"Per Austrin, Subhash Khot, Muli Safra",Inapproximability of Vertex Cover and Independent Set in Bounded Degree Graphs,N,Y,"Unique Games Conjecture, P not equal NP",,
Independent Set,Independent Set (Approximate),1,,,,,their own method?,polynomial,7,$N^c$,fixed c>0,$N^{.0001}$,7.001,,,RAM,https://www.cs.umd.edu/~gasarch/TOPICS/pcp/bs1992.pdf,1992,Piotr Berman and Georg Schnitger,On the Complexity of Approximating the independent Set Problem,Y,Y,Max 2SAT doesn't have randomized PTAS,,
Longest Path Problem,"Longest Path, Directed (Approximate)",1,,trivial,,,,constant,1,$n$,,$n$,9,,,,,,,,N,N,,,
Longest Path Problem,"Longest Path, Undirected (Approximate)",1,,,,,reducing to the same problem,polynomial,7,$2^{O(\log^{1-\epsilon}n)}$,any epsilon>0,$N^{.0001}$,7.001,,,RAM,https://citeseerx.ist.psu.edu/document?repid=rep1&type=pdf&doi=5e5ead387baf1f9b8962733e994dff0cd7ab4d33,1993,"David Karger, Rajeev Motwani, G.D.S Ramkumar",On Approximating the Longest Path in a Graph,N,Y,NP does not have a quasi-polynomial deterministic time simulation,,
Longest Path Problem,"Longest Path, Directed (Approximate)",1,,,,,,polynomial,7,$N^{1-\epsilon}$,any epsilon>0,$N$,8.96,,,RAM,https://link.springer.com/chapter/10.1007/978-3-540-27836-8_21,2004,"Andreas Björklund, Thore Husfeldt & Sanjeev Khanna",Approximating Longest Directed Paths and Cycles,N,Y,P not equal NP,,
Longest Path Problem,"Longest Path, Directed (Approximate)",1,,,,,,polynomial,7,$\frac{N}{\log^{2+\epsilon}N}$,any epsilon>0,$N$,8.98,,,RAM,https://link.springer.com/chapter/10.1007/978-3-540-27836-8_21,2004,"Andreas Björklund, Thore Husfeldt & Sanjeev Khanna",Approximating Longest Directed Paths and Cycles,N,Y,ETH,,(theorem statement may be slightly different?)
Wiener Index,Minimum Wiener Connector problem,1,,,,,gap reduction,polynomial,7,PTAS,,,2,,,RAM,https://dl.acm.org/doi/pdf/10.1145/2723372.2749449,2015,"Natali Ruchansky, Francesco Bonchi, David García-Soriano, Francesco Gullo, Nicolas Kourtellis",The Minimum Wiener Connector Problem,N,Y,P not equal NP,,
Longest Common Subsequence,Multiple Longest Common Subsequence (Approximate),0,,,,,strict?,polynomial,7,$N^{c}$,fixed c>0,$N^{.0001}$,7.001,,,RAM,https://link.springer.com/chapter/10.1007/3-540-58201-0_68,2005,Tao Jiang and Ming Li,On the approximation of shortest common supersequences and longest common subsequences,N,Y,P not equal NP,,
Graph Edit Distance Computation,Inexact GED,0,,,,,,polynomial,7,$\alpha$,any $\alpha$ that is a function of $N$,,,,,RAM,https://arxiv.org/abs/1908.00265,2019,David B. Blumenthal,New Techniques for Graph Edit Distance Computation,N,Y,P not equal NP,,
Graph Edit Distance Computation,"Inexact GED, Metric",0,,,,,,polynomial,7,$c$,any c>0,$1000000$,4,,,RAM,https://arxiv.org/abs/1908.00265,2019,David B. Blumenthal,New Techniques for Graph Edit Distance Computation,N,Y,P not equal NP,,
Graph Edit Distance Computation,"Inexact GED, Uniform",0,,,,,,polynomial,7,$\alpha$,any $\alpha$ that is a function of $N$,,,,,RAM,https://arxiv.org/abs/1908.00265,2019,David B. Blumenthal,New Techniques for Graph Edit Distance Computation,N,Y,Graph Isomorphism is not in P,,